Sample Date,Concentration (ug/m3)
2016-01-01,11.1
2016-01-02,10.6
2016-01-03,4.7
2016-01-04,6.9
2016-01-05,13.2
2016-01-06,11.1
2016-01-07,15.2
2016-01-08,10.7
2016-01-09,15.2
2016-01-10,10.6
2016-01-11,15.6
2016-01-12,16.1
2016-01-13,12.2
2016-01-14,14.3
2016-01-15,13.7
2016-01-16,12.0
2016-01-17,7.5
2016-01-18,10.2
2016-01-19,11.9
2016-01-20,11.1
2016-01-21,7.7
2016-01-22,6.1
2016-01-23,6.0
2016-01-24,8.9
2016-01-25,8.7
2016-01-26,11.1
2016-01-27,7.1
2016-01-28,8.9
2016-01-29,7.5
2016-01-30,4.8
2016-01-31,8.0
2016-02-01,12.1
2016-02-02,10.4
2016-02-03,10.1
2016-02-04,9.0
2016-02-05,6.7
2016-02-06,5.0
2016-02-07,5.4
2016-02-08,12.9
2016-02-09,12.9
2016-02-10,13.5
2016-02-11,12.7
2016-02-12,13.5
2016-02-13,10.5
2016-02-14,9.2
2016-02-15,18.1
2016-02-16,18.9
2016-02-17,18.3
2016-02-18,10.9
2016-02-19,11.8
2016-02-20,12.8
2016-02-21,11.1
2016-02-22,16.7
2016-02-23,16.2
2016-02-24,10.9
2016-02-25,7.2
2016-02-26,10.9
2016-02-27,10.9
2016-02-28,6.4
2016-02-29,6.3
2016-03-01,6.2
2016-03-02,7.2
2016-03-03,10.7
2016-03-04,11.0
2016-03-05,7.3
2016-03-06,8.8
2016-03-07,12.4
2016-03-08,13.6
2016-03-09,17.2
2016-03-10,11.6
2016-03-11,15.0
2016-03-12,11.1
2016-03-13,9.4
2016-03-14,10.7
2016-03-15,7.9
2016-03-16,7.2
2016-03-17,5.2
2016-03-18,9.2
2016-03-19,9.5
2016-03-20,10.5
2016-03-21,13.1
2016-03-22,21.1
2016-03-23,18.2
2016-03-24,9.0
2016-03-25,8.3
2016-03-26,8.5
2016-03-27,8.1
2016-03-28,6.0
2016-03-29,10.7
2016-03-30,11.4
2016-03-31,11.4
2016-04-01,12.3
2016-04-02,9.0
2016-04-03,6.3
2016-04-04,12.6
2016-04-05,8.6
2016-04-06,6.4
2016-04-07,6.5
2016-04-08,10.5
2016-04-09,12.5
2016-04-10,8.1
2016-04-11,6.5
2016-04-12,9.0
2016-04-13,14.4
2016-04-14,8.1
2016-04-15,11.3
2016-04-16,10.1
2016-04-17,6.9
2016-04-18,9.7
2016-04-19,10.0
2016-04-20,10.0
2016-04-21,9.1
2016-04-22,11.1
2016-04-23,8.0
2016-04-24,10.0
2016-04-25,17.3
2016-04-26,23.0
2016-04-27,14.9
2016-04-28,9.4
2016-04-29,7.9
2016-04-30,11.8
2016-05-01,15.9
2016-05-02,11.8
2016-05-03,9.4
2016-05-04,10.1
2016-05-05,11.3
2016-05-06,9.7
2016-05-07,13.3
2016-05-08,11.0
2016-05-09,11.1
2016-05-10,11.0
2016-05-11,7.1
2016-05-12,20.2
2016-05-13,23.0
2016-05-14,25.2
2016-05-15,19.7
2016-05-16,18.0
2016-05-17,30.1
2016-05-18,25.9
2016-05-19,15.4
2016-05-20,14.9
2016-05-21,14.3
2016-05-22,19.1
2016-05-23,14.3
2016-05-24,22.8
2016-05-25,15.5
2016-05-26,15.0
2016-05-27,15.3
2016-05-28,19.8
2016-05-29,17.1
2016-05-30,13.5
2016-05-31,14.1
2016-06-01,11.0
2016-06-02,13.0
2016-06-03,21.4
2016-06-04,23.6
2016-06-05,15.3
2016-06-06,12.5
2016-06-07,12.6
2016-06-08,12.5
2016-06-09,18.1
2016-06-10,8.2
2016-06-11,15.3
2016-06-12,13.7
2016-06-13,20.8
2016-06-14,17.5
2016-06-15,12.7
2016-06-16,21.4
2016-06-17,25.4
2016-06-18,15.3
2016-06-19,7.6
2016-06-20,16.3
2016-06-21,14.2
2016-06-22,11.0
2016-06-23,13.0
2016-06-24,26.2
2016-06-25,20.5
2016-06-26,11.8
2016-06-27,20.7
2016-06-28,22.1
2016-06-29,12.5
2016-06-30,9.3
2016-07-01,19.8
2016-07-02,28.9
2016-07-03,35.0
2016-07-04,26.9
2016-07-05,27.9
2016-07-06,23.3
2016-07-07,7.6
2016-07-08,4.3
2016-07-09,3.5
2016-07-10,4.1
2016-07-11,12.9
2016-07-12,16.4
2016-07-13,17.2
2016-07-14,16.4
2016-07-15,20.4
2016-07-16,15.1
2016-07-17,16.4
2016-07-18,20.8
2016-07-19,15.7
2016-07-20,25.8
2016-07-21,26.9
2016-07-22,19.6
2016-07-23,8.4
2016-07-24,22.8
2016-07-25,28.7
2016-07-26,19.5
2016-07-27,25.2
2016-07-28,13.7
2016-07-29,24.5
2016-07-30,16.4
2016-07-31,16.2
2016-08-01,13.3
2016-08-02,20.9
2016-08-03,19.0
2016-08-04,18.4
2016-08-05,12.3
2016-08-06,5.8
2016-08-07,9.4
2016-08-08,18.3
2016-08-09,8.0
2016-08-10,5.0
2016-08-11,8.3
2016-08-12,10.1
2016-08-13,11.7
2016-08-14,17.3
2016-08-15,15.1
2016-08-16,15.9
2016-08-17,16.6
2016-08-18,15.5
2016-08-19,15.1
2016-08-20,15.3
2016-08-21,13.6
2016-08-22,11.9
2016-08-23,17.1
2016-08-24,11.0
2016-08-25,8.3
2016-08-26,23.9
2016-08-27,18.7
2016-08-28,15.3
2016-08-29,10.3
2016-08-30,16.2
2016-08-31,19.4
2016-09-01,13.4
2016-09-02,10.2
2016-09-03,7.8
2016-09-04,11.0
2016-09-05,25.4
2016-09-06,19.3
2016-09-07,16.6
2016-09-08,15.6
2016-09-09,14.1
2016-09-10,9.4
2016-09-11,11.9
2016-09-12,20.9
2016-09-13,12.6
2016-09-14,10.9
2016-09-15,5.2
2016-09-16,10.7
2016-09-17,10.4
2016-09-18,8.5
2016-09-19,12.7
2016-09-20,8.2
2016-09-21,4.1
2016-09-22,4.6
2016-09-23,8.6
2016-09-24,7.6
2016-09-25,3.8
2016-09-26,2.8
2016-09-27,4.3
2016-09-28,4.7
2016-09-29,6.0
2016-10-01,11.5
2016-10-02,9.7
2016-10-03,11.7
2016-10-04,10.2
2016-10-05,17.5
2016-10-06,18.4
2016-10-07,15.0
2016-10-08,22.7
2016-10-09,15.3
2016-10-10,6.8
2016-10-11,10.8
2016-10-12,11.1
2016-10-13,11.7
2016-10-14,8.6
2016-10-15,8.8
2016-10-16,10.7
2016-10-17,14.0
2016-10-18,6.1
2016-10-19,8.1
2016-10-20,11.9
2016-10-21,17.3
2016-10-22,12.9
2016-10-23,12.0
2016-10-24,8.5
2016-10-25,7.4
2016-10-26,15.9
2016-10-27,9.1
2016-10-28,8.6
2016-10-29,18.2
2016-10-30,15.5
2016-10-31,8.4
2016-11-01,8.5
2016-11-02,12.9
2016-11-03,16.3
2016-11-04,13.7
2016-11-05,13.6
2016-11-06,13.4
2016-11-07,8.3
2016-11-08,22.5
2016-11-09,16.0
2016-11-10,10.8
2016-11-11,13.7
2016-11-12,17.8
2016-11-13,12.9
2016-11-14,12.2
2016-11-15,9.4
2016-11-16,16.6
2016-11-17,11.0
2016-11-18,16.9
2016-11-19,20.2
2016-11-20,24.9
2016-11-21,25.7
2016-11-22,17.0
2016-11-23,12.1
2016-11-24,11.3
2016-11-25,12.4
2016-11-26,18.0
2016-11-27,18.3
2016-11-28,17.0
2016-11-29,13.2
2016-11-30,10.1
2016-12-01,10.9
2016-12-02,8.7
2016-12-03,9.8
2016-12-04,6.3
2016-12-05,6.3
2016-12-06,8.2
2016-12-07,8.3
2016-12-08,6.2
2016-12-09,6.7
2016-12-10,8.0
2016-12-11,15.1
2016-12-12,14.7
2016-12-13,16.7
2016-12-14,13.8
2016-12-15,10.3
2016-12-16,23.4
2016-12-17,19.5
2016-12-18,17.6
2016-12-19,14.9
2016-12-20,16.6
2016-12-21,14.0
2016-12-22,14.6
2016-12-23,13.5
2016-12-24,17.5
2016-12-25,11.2
2016-12-26,15.3
2016-12-27,6.8
2016-12-28,9.3
2016-12-29,14.1
2016-12-30,6.4
2016-12-31,10.3
2017-01-01,11.7
2017-01-02,7.8
2017-01-03,7.3
2017-01-04,11.9
2017-01-05,19.6
2017-01-06,12.0
2017-01-07,11.1
2017-01-08,8.9
2017-01-09,10.0
2017-01-10,8.0
2017-01-11,4.9
2017-01-12,7.5
2017-01-13,15.1
2017-01-14,15.5
2017-01-15,10.7
2017-01-16,21.8
2017-01-17,18.2
2017-01-18,13.0
2017-01-19,18.5
2017-01-20,16.2
2017-01-21,14.1
2017-01-22,21.9
2017-01-23,25.2
2017-01-24,15.3
2017-01-25,13.4
2017-01-26,26.4
2017-01-27,15.7
2017-01-28,15.5
2017-01-29,15.0
2017-01-30,8.9
2017-02-01,9.1
2017-02-02,11.2
2017-02-03,9.2
2017-02-04,12.3
2017-02-05,14.5
2017-02-06,9.5
2017-02-07,6.9
2017-02-08,13.5
2017-02-09,6.5
2017-02-10,8.8
2017-02-11,8.5
2017-02-12,8.7
2017-02-13,15.6
2017-02-14,5.7
2017-02-15,18.0
2017-02-16,7.0
2017-02-17,7.0
2017-02-18,7.0
2017-02-19,6.7
2017-02-20,17.0
2017-02-21,14.4
2017-02-22,12.4
2017-02-23,14.7
2017-02-24,12.4
2017-02-25,10.5
2017-02-26,6.9
2017-02-27,8.6
2017-02-28,7.2
2017-03-01,8.2
2017-03-02,11.6
2017-03-03,6.9
2017-03-04,6.3
2017-03-05,12.4
2017-03-06,9.7
2017-03-07,8.3
2017-03-08,3.8
2017-03-09,6.6
2017-03-10,9.5
2017-03-11,10.5
2017-03-12,13.8
2017-03-13,14.2
2017-03-14,10.7
2017-03-15,6.7
2017-03-16,7.9
2017-03-17,10.2
2017-03-18,10.2
2017-03-19,7.6
2017-03-20,9.6
2017-03-21,10.7
2017-03-22,10.5
2017-03-23,8.1
2017-03-24,8.5
2017-03-25,6.4
2017-03-26,6.8
2017-03-27,8.2
2017-03-28,8.0
2017-03-29,9.6
2017-03-30,6.7
2017-04-01,10.4
2017-04-02,7.0
2017-04-03,9.2
2017-04-04,6.6
2017-04-05,8.0
2017-04-06,13.7
2017-04-07,10.7
2017-04-08,11.8
2017-04-09,8.3
2017-04-10,7.6
2017-04-11,13.3
2017-04-12,11.1
2017-04-13,7.6
2017-04-14,10.6
2017-04-15,10.9
2017-04-16,11.7
2017-04-17,6.9
2017-04-18,9.2
2017-04-19,8.5
2017-04-20,9.4
2017-04-21,9.3
2017-04-22,13.4
2017-04-23,7.9
2017-04-24,9.9
2017-04-25,8.7
2017-04-26,13.5
2017-04-27,12.5
2017-04-28,11.7
2017-04-29,7.1
2017-04-30,9.3
2017-05-01,11.6
2017-05-02,11.6
2017-05-03,14.8
2017-05-04,15.6
2017-05-05,21.6
2017-05-06,21.7
2017-05-07,13.9
2017-05-08,18.2
2017-05-09,15.0
2017-05-10,8.8
2017-05-11,14.0
2017-05-12,5.0
2017-05-13,11.7
2017-05-14,19.2
2017-05-15,12.9
2017-05-16,11.7
2017-05-17,11.8
2017-05-18,19.4
2017-05-19,19.5
2017-05-20,14.3
2017-05-21,22.1
2017-05-22,23.3
2017-05-23,19.9
2017-05-24,13.3
2017-05-25,20.1
2017-05-26,11.4
2017-05-27,11.9
2017-05-28,12.6
2017-05-29,17.9
2017-05-30,13.7
2017-06-01,12.5
2017-06-02,5.0
2017-06-03,5.0
2017-06-04,20.3
2017-06-05,22.7
2017-06-06,11.7
2017-06-07,8.8
2017-06-08,9.3
2017-06-09,12.8
2017-06-10,11.9
2017-06-11,26.4
2017-06-12,21.3
2017-06-13,10.5
2017-06-14,24.8
2017-06-15,20.6
2017-06-16,15.0
2017-06-17,20.1
2017-06-18,12.9
2017-06-19,12.8
2017-06-20,12.6
2017-06-21,16.0
2017-06-22,8.5
2017-06-23,13.2
2017-06-24,7.7
2017-06-25,13.9
2017-06-26,19.3
2017-06-27,22.5
2017-06-28,16.8
2017-06-29,19.7
2017-06-30,14.6
2017-07-01,11.3
2017-07-02,10.4
2017-07-03,8.8
2017-07-04,17.2
2017-07-05,14.1
2017-07-06,9.1
2017-07-07,6.7
2017-07-08,23.1
2017-07-09,8.9
2017-07-10,13.0
2017-07-11,14.1
2017-07-12,18.0
2017-07-13,7.3
2017-07-14,11.0
2017-07-15,23.3
2017-07-16,25.5
2017-07-17,21.3
2017-07-18,21.8
2017-07-19,18.8
2017-07-20,12.4
2017-07-21,14.7
2017-07-22,18.9
2017-07-23,14.0
2017-07-24,15.3
2017-07-25,11.5
2017-07-26,20.7
2017-07-27,18.7
2017-07-28,8.3
2017-07-29,16.1
2017-07-30,21.8
2017-07-31,26.3
2017-08-01,30.9
2017-08-02,12.1
2017-08-03,7.1
2017-08-04,16.0
2017-08-05,16.0
2017-08-06,12.6
2017-08-07,8.5
2017-08-08,8.2
2017-08-09,8.6
2017-08-10,11.8
2017-08-11,10.9
2017-08-12,22.7
2017-08-13,17.0
2017-08-14,11.4
2017-08-15,14.5
2017-08-16,16.8
2017-08-17,13.7
2017-08-18,14.2
2017-08-19,8.3
2017-08-20,11.1
2017-08-21,12.6
2017-08-22,13.6
2017-08-23,19.4
2017-08-24,13.8
2017-08-25,8.8
2017-08-26,9.8
2017-08-27,15.5
2017-08-28,16.8
2017-08-30,9.3
2017-08-31,11.4
2017-09-01,8.4
2017-09-02,3.7
2017-09-03,5.4
2017-09-04,8.6
2017-09-05,9.2
2017-09-06,10.0
2017-09-07,20.4
2017-09-08,19.1
2017-09-09,10.2
2017-09-10,11.0
2017-09-11,13.7
2017-09-12,14.1
2017-09-13,11.0
2017-09-14,20.8
2017-09-15,11.7
2017-09-16,15.3
2017-09-17,12.4
2017-09-18,10.1
2017-09-19,11.3
2017-09-20,11.0
2017-09-21,10.3
2017-09-22,8.6
2017-09-23,10.1
2017-09-24,8.8
2017-09-25,11.9
2017-09-26,12.8
2017-09-27,17.1
2017-09-28,13.1
2017-09-29,6.7
2017-09-30,8.1
2017-10-01,12.0
2017-10-02,17.3
2017-10-03,7.5
2017-10-04,8.6
2017-10-05,10.9
2017-10-06,13.0
2017-10-07,12.9
2017-10-08,9.5
2017-10-09,9.7
2017-10-12,21.7
2017-10-13,10.7
2017-10-14,15.2
2017-10-15,13.4
2017-10-16,14.2
2017-10-17,16.5
2017-10-18,12.7
2017-10-19,7.6
2017-10-20,10.7
2017-10-21,9.4
2017-10-22,11.3
2017-10-23,10.8
2017-10-24,9.6
2017-10-26,10.7
2017-10-27,8.3
2017-10-28,5.0
2017-10-29,9.3
2017-10-30,12.1
2017-10-31,11.0
2017-11-01,10.6
2017-11-02,14.2
2017-11-03,19.4
2017-11-04,19.8
2017-11-05,21.1
2017-11-06,13.1
2017-11-07,12.2
2017-11-08,15.2
2017-11-09,12.0
2017-11-10,12.0
2017-11-11,9.8
2017-11-12,10.1
2017-11-13,10.9
2017-11-14,6.5
2017-11-15,4.5
2017-11-16,5.1
2017-11-17,9.5
2017-11-18,7.0
2017-11-19,4.7
2017-11-20,5.0
2017-11-21,8.3
2017-11-22,11.2
2017-11-23,9.2
2017-11-24,10.3
2017-11-25,9.2
2017-11-26,4.6
2017-11-27,5.9
2017-11-28,5.5
2017-11-29,6.9
2017-11-30,10.4
2017-12-01,7.1
2017-12-02,5.8
2017-12-03,7.0
2017-12-04,5.8
2017-12-05,8.7
2017-12-06,10.1
2017-12-07,10.3
2017-12-08,8.0
2017-12-09,8.0
2017-12-10,9.4
2017-12-11,10.2
2017-12-12,11.2
2017-12-13,10.4
2017-12-14,8.1
2017-12-15,12.0
2017-12-16,9.8
2017-12-17,10.4
2017-12-18,10.2
2017-12-19,15.6
2017-12-20,20.4
2017-12-21,16.6
2017-12-22,14.7
2017-12-23,18.3
2017-12-24,10.1
2017-12-25,7.8
2017-12-26,7.4
2017-12-27,15.8
2017-12-28,13.1
2017-12-29,17.0
2017-12-30,9.1
2017-12-31,8.0
2018-01-01,10.7
2018-01-02,8.0
2018-01-03,5.4
2018-01-04,8.3
2018-01-05,12.4
2018-01-06,30.5
2018-01-07,23.8
2018-01-08,20.6
2018-01-09,9.2
2018-01-10,8.4
2018-01-11,9.1
2018-01-12,12.2
2018-01-13,11.6
2018-01-14,8.6
2018-01-15,9.4
2018-01-16,14.2
2018-01-17,23.5
2018-01-18,12.6
2018-01-19,16.7
2018-01-20,15.7
2018-01-21,12.3
2018-01-22,7.6
2018-01-23,7.3
2018-01-24,8.4
2018-02-15,9.3
2018-02-16,12.4
2018-02-17,13.8
2018-02-18,15.3
2018-02-19,14.9
2018-02-20,23.4
2018-02-21,13.2
2018-02-22,10.9
2018-02-23,7.0
2018-02-24,9.2
2018-02-25,7.6
2018-02-26,6.9
2018-02-27,8.4
2018-03-06,10.2
2018-03-07,4.9
2018-03-08,8.0
2018-03-09,8.9
2018-03-10,7.8
2018-03-11,7.1
2018-03-12,8.6
2018-03-13,13.1
2018-03-14,14.3
2018-03-15,10.2
2018-03-16,8.4
2018-03-17,9.6
2018-03-18,10.1
2018-03-19,9.7
2018-03-24,7.3
2018-03-25,6.9
2018-03-26,9.0
2018-03-27,9.3
2018-03-28,8.4
2018-03-29,15.6
2018-03-30,8.2
2018-03-31,9.2
2018-04-01,16.1
2018-04-02,9.8
2018-04-03,10.0
2018-04-04,7.8
2018-04-05,15.4
2018-04-06,11.6
2018-04-07,10.1
2018-04-08,11.5
2018-04-09,8.5
2018-04-10,18.9
2018-04-14,22.0
2018-04-15,12.7
2018-04-16,19.2
2018-04-17,24.3
2018-04-18,14.9
2018-04-19,13.4
2018-04-20,8.1
2018-04-21,8.0
2018-04-22,12.9
2018-04-23,10.9
2018-04-24,6.9
2018-04-25,7.8
2018-04-26,11.3
2018-04-27,12.5
2018-04-30,6.2
2018-05-01,9.9
2018-05-02,9.3
2018-05-03,11.9
2018-05-04,17.0
2018-05-05,20.0
2018-05-06,16.0
2018-05-07,20.4
2018-05-08,17.7
2018-05-09,13.5
2018-05-10,11.4
2018-05-11,12.2
2018-05-12,8.2
2018-05-13,6.1
2018-05-14,10.4
2018-05-16,11.1
2018-05-17,7.8
2018-05-18,18.0
2018-05-19,13.0
2018-05-20,8.8
2018-05-21,15.3
2018-05-22,10.8
2018-05-24,23.1
2018-05-25,21.1
2018-05-26,11.6
2018-05-27,10.8
2018-05-28,8.6
2018-05-29,16.9
2018-05-30,26.1
2018-05-31,21.7
2018-06-01,14.3
2018-06-02,9.3
2018-06-06,15.5
2018-06-07,8.0
2018-06-08,22.0
2018-06-09,22.7
2018-06-10,18.1
2018-06-11,6.3
2018-06-12,11.1
2018-06-13,9.7
2018-06-14,20.4
2018-06-15,17.1
2018-06-16,12.3
2018-06-17,22.2
2018-06-18,21.1
2018-06-19,20.3
2018-06-20,5.7
2018-06-21,6.9
2018-06-22,16.8
2018-06-23,22.4
2018-06-24,12.2
2018-06-25,8.0
2018-06-26,12.8
2018-06-27,25.8
2018-06-28,28.3
2018-06-29,19.6
2018-06-30,30.3
2018-07-01,22.6
2018-07-02,23.2
2018-07-03,11.1
2018-07-04,15.6
2018-07-05,21.2
2018-07-06,23.8
2018-07-07,23.4
2018-07-08,13.5
2018-07-09,15.2
2018-07-10,14.0
2018-07-11,16.3
2018-07-12,21.1
2018-07-14,13.0
2018-07-15,20.7
2018-07-16,21.9
2018-07-17,19.0
2018-07-18,18.7
2018-07-19,14.5
2018-07-20,19.2
2018-07-21,23.3
2018-07-22,14.8
2018-07-23,27.2
2018-07-24,27.1
2018-07-25,14.6
2018-07-26,22.4
2018-07-27,17.2
2018-07-28,21.2
2018-07-29,15.2
2018-07-30,15.6
2018-07-31,16.5
2018-08-01,17.4
2018-08-02,17.7
2018-08-03,17.0
2018-08-04,14.7
2018-08-05,6.8
2018-08-06,14.4
2018-08-07,11.7
2018-08-08,17.9
2018-08-09,15.2
2018-08-10,16.7
2018-08-11,20.6
2018-08-12,16.0
2018-08-13,10.7
2018-08-14,14.1
2018-08-15,20.5
2018-08-16,15.4
2018-08-17,19.3
2018-08-18,13.4
2018-08-19,21.1
2018-08-20,12.7
2018-08-21,9.2
2018-08-22,17.4
2018-08-23,14.1
2018-08-24,10.3
2018-08-25,14.5
2018-08-26,19.2
2018-08-27,16.3
2018-08-28,12.2
2018-08-29,12.6
2018-08-30,13.6
2018-08-31,12.6
2018-09-01,10.2
2018-09-02,18.6
2018-09-03,13.1
2018-09-04,8.7
2018-09-05,5.8
2018-09-06,5.9
2018-09-07,12.5
2018-09-08,9.4
2018-09-09,10.6
2018-09-10,6.9
2018-09-11,8.3
2018-09-12,12.7
2018-09-13,11.5
2018-09-14,7.8
2018-09-15,13.6
2018-09-16,8.5
2018-09-17,10.7
2018-09-18,7.4
2018-09-19,5.3
2018-09-20,6.4
2018-09-21,9.2
2018-09-22,8.3
2018-09-23,10.2
2018-09-24,7.2
2018-09-25,14.0
2018-09-26,13.0
2018-09-27,9.8
2018-09-28,9.8
2018-09-29,9.9
2018-09-30,9.6
2018-10-01,9.7
2018-10-02,7.3
2018-10-03,6.4
2018-10-04,7.1
2018-10-05,6.9
2018-10-06,11.9
2018-10-07,11.2
2018-10-08,10.4
2018-10-09,6.4
2018-10-10,4.7
2018-10-11,7.4
2018-10-12,15.5
2018-10-13,9.5
2018-10-14,13.8
2018-10-15,10.2
2018-10-16,11.5
2018-10-17,7.0
2018-10-18,11.2
2018-10-19,13.0
2018-10-20,11.7
2018-10-21,7.6
2018-10-22,5.0
2018-10-23,5.3
2018-10-24,6.8
2018-10-25,6.1
2018-10-26,14.4
2018-10-27,11.2
2018-10-28,3.8
2018-10-29,6.7
2018-10-30,12.4
2018-10-31,8.5
2018-11-01,15.9
2018-11-02,16.5
2018-11-03,19.7
2018-11-04,24.3
2018-11-05,21.1
2018-11-06,15.8
2018-11-07,14.2
2018-11-08,13.0
2018-11-09,8.5
2018-11-10,17.9
2018-11-11,12.0
2018-11-12,6.6
2018-11-13,11.2
2018-11-14,10.4
2018-11-15,6.9
2018-11-16,7.6
2018-11-17,10.6
2018-11-18,8.6
2018-11-19,7.1
2018-11-20,5.4
2018-11-21,5.0
2018-11-22,7.5
2018-11-23,6.5
2018-11-24,5.4
2018-11-25,17.5
2018-11-26,18.4
2018-11-27,9.5
2018-11-28,11.6
2018-11-29,12.9
2018-11-30,12.1
2018-12-01,17.4
2018-12-02,20.9
2018-12-03,6.4
2018-12-04,17.8
2018-12-05,29.7
2018-12-06,12.4
2018-12-07,13.6
2018-12-08,18.3
2018-12-09,20.6
2018-12-10,20.9
2018-12-11,14.5
2018-12-12,5.7
2018-12-13,8.1
2018-12-14,7.5
2018-12-15,6.0
2018-12-16,7.2
2018-12-17,7.7
2018-12-18,5.9
2018-12-19,8.9
2018-12-20,7.0
2018-12-21,14.0
2018-12-22,7.2
2018-12-23,4.6
2018-12-24,3.7
2018-12-25,4.9
2018-12-26,23.3
2018-12-27,20.2
2018-12-28,13.7
2018-12-29,12.0
2018-12-30,8.6
2018-12-31,11.7
2019-01-01,13.1
2019-01-02,8.7
2019-01-03,10.7
2019-01-04,16.3
2019-01-05,21.1
2019-01-06,6.7
2019-01-07,11.2
2019-01-08,10.6
2019-01-09,14.3
2019-01-10,14.2
2019-01-11,10.8
2019-01-12,15.4
2019-01-13,15.8
2019-01-14,7.8
2019-01-15,7.4
2019-01-16,14.1
2019-01-17,18.0
2019-01-18,17.3
2019-01-19,11.0
2019-01-20,17.5
2019-01-21,18.0
2019-01-22,20.0
2019-01-23,12.9
2019-01-24,19.9
2019-01-25,19.3
2019-01-26,7.8
2019-01-27,7.5
2019-01-28,7.3
2019-01-29,13.2
2019-01-30,15.8
2019-01-31,17.7
2019-02-01,16.1
2019-02-02,15.4
2019-02-03,15.9
2019-02-04,14.6
2019-02-05,11.9
2019-02-06,9.9
2019-02-07,10.1
2019-02-08,9.4
2019-02-09,9.9
2019-02-10,10.8
2019-02-11,10.2
2019-02-12,12.9
2019-02-13,8.7
2019-02-14,6.8
2019-02-15,9.1
2019-02-16,16.6
2019-02-17,16.8
2019-02-18,8.6
2019-02-19,9.1
2019-02-20,9.8
2019-02-21,12.9
2019-02-22,8.2
2019-02-23,10.4
2019-02-24,10.2
2019-02-25,7.0
2019-02-26,5.3
2019-02-27,6.2
2019-02-28,15.7
2019-03-01,15.5
2019-03-02,10.5
2019-03-03,8.6
2019-03-04,9.1
2019-03-05,7.3
2019-03-06,9.0
2019-03-07,7.2
2019-03-08,6.6
2019-03-09,8.5
2019-03-10,8.4
2019-03-11,8.4
2019-03-12,8.4
2019-03-13,7.3
2019-03-14,8.3
2019-03-15,7.0
2019-03-16,8.1
2019-03-17,10.6
2019-03-18,11.5
2019-03-19,10.1
2019-03-22,7.5
2019-03-23,9.4
2019-03-24,7.1
2019-03-25,10.1
2019-03-26,7.9
2019-03-27,10.9
2019-03-28,6.9
2019-03-29,7.5
2019-03-30,8.7
2019-03-31,12.3
2019-04-01,10.9
2019-04-02,15.1
2019-04-03,7.8
2019-04-04,9.2
2019-04-05,8.1
2019-04-06,6.9
2019-04-10,6.5
2019-04-11,8.6
2019-04-12,13.1
2019-04-13,7.4
2019-04-14,11.9
2019-04-15,9.0
2019-04-16,10.1
2019-04-17,9.4
2019-04-18,9.6
2019-04-19,9.7
2019-04-20,14.4
2019-04-21,10.0
2019-04-22,5.2
2019-04-23,6.6
2019-04-24,9.1
2019-04-25,8.4
2019-04-26,8.9
2019-04-27,10.2
2019-04-28,9.9
2019-04-29,15.8
2019-04-30,14.9
2019-05-01,11.0
2019-05-02,12.6
2019-05-03,16.1
2019-05-04,12.2
2019-05-05,9.4
2019-05-06,13.6
2019-05-07,12.9
2019-05-08,11.7
2019-05-09,8.7
2019-05-10,9.5
2019-05-11,13.8
2019-05-12,12.6
2019-05-13,29.9
2019-05-14,18.0
2019-05-15,15.2
2019-05-16,13.9
2019-05-17,19.3
2019-05-18,16.7
2019-05-19,13.5
2019-05-20,16.3
2019-05-21,11.6
2019-05-22,9.4
2019-05-23,7.1
2019-05-24,12.9
2019-05-25,16.2
2019-05-26,16.8
2019-05-27,14.9
2019-05-28,14.6
2019-05-29,25.8
2019-05-30,13.3
2019-05-31,10.4
2019-06-01,11.8
2019-06-02,15.1
2019-06-03,25.3
2019-06-04,20.6
2019-06-05,15.6
2019-06-06,11.4
2019-06-07,11.7
2019-06-08,26.6
2019-06-09,37.4
2019-06-10,25.0
2019-06-12,21.5
2019-06-13,17.6
2019-06-14,12.2
2019-06-15,7.4
2019-06-16,11.3
2019-06-17,10.0
2019-06-18,25.2
2019-06-19,20.8
2019-06-20,9.6
2019-06-21,15.2
2019-06-22,21.9
2019-06-23,18.2
2019-06-24,9.1
2019-06-25,14.3
2019-06-26,18.9
2019-06-27,20.9
2019-06-28,20.4
2019-06-29,17.1
2019-06-30,14.1
2019-07-01,10.0
2019-07-02,9.7
2019-07-03,19.0
2019-07-04,6.9
2019-07-05,8.8
2019-07-06,19.1
2019-07-07,18.1
2019-07-08,14.3
2019-07-09,19.7
2019-07-10,15.6
2019-07-11,19.2
2019-07-12,18.4
2019-07-13,15.6
2019-07-14,12.0
2019-07-15,13.6
2019-07-16,11.9
2019-07-17,17.5
2019-07-18,21.3
2019-07-19,17.5
2019-07-20,15.7
2019-07-21,27.6
2019-07-22,17.2
2019-07-23,16.7
2019-07-24,22.1
2019-07-25,21.1
2019-07-26,7.5
2019-07-27,14.7
2019-07-28,15.4
2019-07-29,14.2
2019-07-30,10.9
2019-07-31,9.1
2019-08-01,12.0
2019-08-02,17.0
2019-08-03,19.0
2019-08-04,12.2
2019-08-05,14.3
2019-08-06,17.2
2019-08-07,9.7
2019-08-08,9.4
2019-08-09,9.6
2019-08-10,21.1
2019-08-11,23.9
2019-08-12,18.7
2019-08-13,11.1
2019-08-14,13.5
2019-08-15,12.6
2019-08-16,9.6
2019-08-17,9.5
2019-08-18,7.0
2019-08-19,8.5
2019-08-20,9.7
2019-08-21,12.0
2019-08-22,13.6
2019-08-23,7.7
2019-08-24,15.9
2019-08-25,15.2
2019-08-26,20.0
2019-08-27,17.8
2019-08-28,17.7
2019-08-29,11.8
2019-08-30,9.8
2019-08-31,11.8
2019-09-01,17.9
2019-09-02,18.8
2019-09-03,7.5
2019-09-04,8.5
2019-09-05,13.2
2019-09-06,13.5
2019-09-07,14.6
2019-09-08,20.4
2019-09-09,15.1
2019-09-10,3.5
2019-09-11,9.2
2019-09-12,13.9
2019-09-13,10.1
2019-09-14,9.5
2019-09-15,11.6
2019-09-16,9.3
2019-09-17,11.3
2019-09-18,19.1
2019-09-19,12.2
2019-09-20,13.5
2019-09-21,12.5
2019-09-22,10.4
2019-09-23,8.1
2019-09-24,9.3
2019-09-25,14.0
2019-09-26,17.5
2019-09-27,14.0
2019-09-28,10.0
2019-09-29,7.5
2019-09-30,12.0
2019-10-01,11.3
2019-10-02,14.6
2019-10-03,16.2
2019-10-04,11.3
2019-10-05,10.8
2019-10-06,11.4
2019-10-07,10.0
2019-10-08,6.8
2019-10-09,7.2
2019-10-10,12.0
2019-10-11,9.8
2019-10-12,12.7
2019-10-13,6.9
2019-10-14,8.2
2019-10-15,6.7
2019-10-16,15.0
2019-10-17,14.1
2019-10-18,9.7
2019-10-19,21.4
2019-10-20,14.3
2019-10-21,12.9
2019-10-22,11.1
2019-10-23,17.1
2019-10-24,19.3
2019-10-25,23.6
2019-10-26,20.8
2019-10-27,10.1
2019-10-28,9.7
2019-10-29,9.4
2019-10-30,14.8
2019-10-31,23.2
2019-11-01,19.0
2019-11-02,16.8
2019-11-05,14.7
2019-11-06,15.2
2019-11-07,12.1
2019-11-08,16.6
2019-11-09,17.1
2019-11-10,7.7
2019-11-11,15.5
2019-11-12,10.1
2019-11-13,12.3
2019-11-14,17.9
2019-11-15,21.3
2019-11-16,17.2
2019-11-17,18.4
2019-11-18,15.2
2019-11-19,9.6
2019-11-20,13.8
2019-11-21,18.5
2019-11-22,14.8
2019-11-23,18.4
2019-11-24,17.7
2019-11-25,17.8
2019-11-26,22.5
2019-11-27,21.7
2019-11-28,21.8
2019-11-29,16.0
2019-11-30,11.5
2019-12-01,8.7
2019-12-02,10.9
2019-12-03,18.6
2019-12-04,24.4
2019-12-05,32.4
2019-12-06,42.4
2019-12-07,24.8
2019-12-08,9.2
2019-12-09,14.9
2019-12-10,11.1
2019-12-11,11.2
2019-12-12,18.3
2019-12-13,9.8
2019-12-14,10.3
2019-12-15,7.7
2019-12-16,10.0
2019-12-17,9.2
2019-12-18,21.5
2019-12-19,20.5
2019-12-20,14.3
2019-12-21,12.7
2019-12-22,13.0
2019-12-23,14.9
2019-12-24,24.2
2019-12-25,19.9
2019-12-26,15.3
2019-12-27,8.2
2019-12-28,16.1
2019-12-29,16.9
2019-12-30,15.3
2019-12-31,18.3
2020-01-01,13.2
2020-01-02,9.2
2020-01-03,17.5
2020-01-04,24.8
2020-01-05,18.8
2020-01-06,27.9
2020-01-07,23.0
2020-01-08,13.3
2020-01-09,13.6
2020-01-10,15.2
2020-01-11,12.8
2020-01-12,8.2
2020-01-13,11.2
2020-01-14,10.4
2020-01-15,7.7
2020-01-16,9.0
2020-01-17,6.2
2020-01-18,9.4
2020-01-19,7.1
2020-01-20,9.0
2020-01-21,7.1
2020-01-22,5.8
2020-01-23,4.5
2020-01-24,8.3
2020-01-25,8.6
2020-01-26,9.7
2020-01-27,9.0
2020-01-28,8.5
2020-01-29,9.8
2020-01-30,9.6
2020-01-31,9.3
2020-02-01,20.2
2020-02-02,8.4
2020-02-03,6.2
2020-02-04,11.0
2020-02-05,21.8
2020-02-06,12.4
2020-02-07,17.7
2020-02-08,13.9
2020-02-09,15.1
2020-02-10,15.2
2020-02-11,6.6
2020-02-12,11.7
2020-02-13,12.3
2020-02-14,12.7
2020-02-15,16.1
2020-02-16,16.7
2020-02-17,16.7
2020-02-18,12.6
2020-02-19,8.6
2020-02-20,4.0
2020-02-21,8.0
2020-02-22,7.3
2020-02-23,11.3
2020-02-24,7.0
2020-02-25,10.5
2020-02-26,11.2
2020-02-27,12.9
2020-02-28,11.4
2020-02-29,7.9
2020-03-01,20.6
2020-03-02,17.5
2020-03-03,11.8
2020-03-04,14.7
2020-03-05,13.0
2020-03-06,6.7
2020-03-07,9.2
2020-03-08,8.3
2020-03-09,9.1
2020-03-10,7.5
2020-03-11,6.0
2020-03-12,7.5
2020-03-13,5.5
2020-03-14,6.5
2020-03-15,9.0
2020-03-16,9.6
2020-03-17,15.5
2020-03-18,7.4
2020-03-19,8.5
2020-03-20,7.8
2020-03-21,12.2
2020-03-22,10.9
2020-03-23,10.8
2020-03-24,17.5
2020-03-25,9.7
2020-03-26,6.7
2020-03-27,10.1
2020-03-28,9.8
2020-03-29,6.5
2020-03-30,7.5
2020-03-31,6.1
2020-04-01,7.0
2020-04-02,7.0
2020-04-03,9.3
2020-04-04,6.6
2020-04-05,6.8
2020-04-06,9.2
2020-04-07,7.7
2020-04-08,9.0
2020-04-09,15.2
2020-04-10,13.0
2020-04-11,9.0
2020-04-12,7.6
2020-04-13,15.3
2020-04-14,19.0
2020-04-15,13.6
2020-04-16,10.2
2020-04-17,15.9
2020-04-18,17.2
2020-04-19,14.8
2020-04-20,12.5
2020-04-21,11.9
2020-04-22,8.6
2020-04-23,10.9
2020-04-24,9.6
2020-04-25,10.0
2020-04-26,13.7
2020-04-27,13.4
2020-04-28,17.9
2020-04-29,14.5
2020-04-30,9.8
2020-05-01,13.6
2020-05-02,11.0
2020-05-05,12.7
2020-05-06,10.9
2020-05-07,11.2
2020-05-09,18.7
2020-05-10,12.9
2020-05-11,8.3
2020-05-12,7.6
2020-05-13,9.5
2020-05-14,9.8
2020-05-15,10.9
2020-05-16,13.2
2020-05-17,11.2
2020-05-18,8.5
2020-05-19,11.2
2020-05-20,13.4
2020-05-21,15.6
2020-05-22,14.7
2020-05-23,26.3
2020-05-24,11.8
2020-05-25,5.2
2020-05-26,5.4
2020-05-27,7.3
2020-05-28,13.4
2020-05-29,7.3
2020-05-30,7.8
2020-05-31,6.8
2020-06-01,5.7
2020-06-02,13.1
2020-06-03,12.0
2020-06-04,18.5
2020-06-05,11.3
2020-06-06,18.0
2020-06-07,11.3
2020-06-08,19.6
2020-06-09,12.3
2020-06-10,21.0
2020-06-11,10.9
2020-06-12,21.6
2020-06-13,19.2
2020-06-14,12.2
2020-06-15,20.2
2020-06-16,19.6
2020-06-17,19.9
2020-06-18,12.1
2020-06-19,17.7
2020-06-20,9.5
2020-06-21,6.1
2020-06-22,12.1
2020-06-23,11.8
2020-06-24,10.4
2020-06-25,7.4
2020-06-26,10.9
2020-06-27,9.9
2020-06-28,14.0
2020-06-29,10.8
2020-06-30,9.5
2020-07-01,18.6
2020-07-02,9.4
2020-07-03,26.8
2020-07-04,23.9
2020-07-05,20.6
2020-07-06,11.7
2020-07-07,18.6
2020-07-08,11.4
2020-07-09,20.2
2020-07-10,17.6
2020-07-11,23.7
2020-07-12,16.2
2020-07-13,11.7
2020-07-14,9.5
2020-07-15,8.4
2020-07-16,4.1
2020-07-17,3.7
2020-07-18,8.8
2020-07-19,8.3
2020-07-20,5.6
2020-07-21,10.2
2020-07-22,15.0
2020-07-23,16.8
2020-07-24,13.8
2020-07-25,12.8
2020-07-26,17.0
2020-07-27,14.8
2020-07-28,14.3
2020-07-29,10.6
2020-07-30,9.1
2020-07-31,8.5
2020-08-01,10.7
2020-08-02,16.5
2020-08-03,8.6
2020-08-04,16.1
2020-08-05,21.4
2020-08-06,12.3
2020-08-07,12.8
2020-08-08,10.9
2020-08-09,13.2
2020-08-10,16.4
2020-08-11,20.5
2020-08-12,13.1
2020-08-13,14.0
2020-08-14,10.1
2020-08-15,12.2
2020-08-16,22.7
2020-08-17,12.6
2020-08-18,13.9
2020-08-19,13.3
2020-08-20,18.5
2020-08-21,18.4
2020-08-22,14.9
2020-08-23,12.1
2020-08-24,12.7
2020-08-25,10.1
2020-08-26,17.3
2020-08-27,9.4
2020-08-28,18.1
2020-08-29,25.3
2020-08-30,14.4
2020-08-31,18.0
2020-09-01,11.5
2020-09-02,10.7
2020-09-03,12.7
2020-09-04,15.6
2020-09-05,7.8
2020-09-06,14.5
2020-09-07,7.6
2020-09-08,14.3
2020-09-09,11.2
2020-09-10,7.3
2020-09-11,12.2
2020-09-12,9.9
2020-09-13,8.5
2020-09-14,9.4
2020-09-15,17.8
2020-09-16,24.3
2020-09-17,19.3
2020-09-18,16.0
2020-09-19,16.6
2020-09-20,15.6
2020-09-21,11.1
2020-09-22,13.1
2020-09-23,11.1
2020-09-24,9.8
2020-09-25,11.8
2020-09-26,9.9
2020-09-27,18.8
2020-09-28,17.7
2020-09-29,17.3
2020-09-30,13.3
2020-10-01,8.7
2020-10-02,10.3
2020-10-03,9.6
2020-10-04,9.7
2020-10-05,10.5
2020-10-06,6.9
2020-10-07,9.9
2020-10-08,10.0
2020-10-09,13.8
2020-10-10,12.9
2020-10-11,17.1
2020-10-12,20.4
2020-10-13,8.1
2020-10-14,6.0
2020-10-16,6.2
2020-10-17,10.3
2020-10-18,10.6
2020-10-19,11.5
2020-10-20,15.7
2020-10-21,12.2
2020-10-22,9.0
2020-10-23,5.2
2020-10-24,6.1
2020-10-25,5.0
2020-10-26,5.9
2020-10-27,6.7
2020-10-28,8.3
2020-10-29,12.7
2020-10-30,10.4
2020-10-31,12.2
2020-11-01,8.2
2020-11-02,10.1
2020-11-03,10.3
2020-11-04,15.5
2020-11-05,10.6
2020-11-06,10.9
2020-11-07,10.3
2020-11-08,13.8
2020-11-09,6.9
2020-11-10,6.2
2020-11-11,10.8
2020-11-12,9.6
2020-11-13,7.3
2020-11-14,6.2
2020-11-15,7.6
2020-11-16,6.7
2020-11-17,10.0
2020-11-18,15.1
2020-11-19,12.9
2020-11-20,10.1
2020-11-21,10.7
2020-11-22,16.6
2020-11-23,8.9
2020-11-24,6.2
2020-11-25,17.5
2020-11-26,10.8
2020-11-27,14.0
2020-11-28,16.7
2020-11-29,16.8
2020-11-30,15.8
2020-12-01,17.2
2020-12-02,13.0
2020-12-03,20.1
2020-12-04,19.7
2020-12-05,11.1
2020-12-06,15.0
2020-12-07,13.6
2020-12-08,8.8
2020-12-09,10.7
2020-12-10,15.4
2020-12-11,13.9
2020-12-12,14.1
2020-12-13,17.4
2020-12-14,17.3
2020-12-15,15.4
2020-12-16,11.5
2020-12-17,10.0
2020-12-18,18.0
2020-12-19,17.2
2020-12-20,13.6
2020-12-21,9.6
2020-12-22,8.9
2020-12-23,9.5
2020-12-24,13.9
2020-12-25,19.0
2020-12-26,12.1
2020-12-27,8.1
2020-12-28,11.6
2020-12-29,10.2
2020-12-30,10.5
2020-12-31,11.4
2021-01-01,9.4
2021-01-02,5.2
2021-01-03,7.7
2021-01-04,9.3
2021-01-05,6.5
2021-01-06,6.2
2021-01-07,7.1
2021-01-12,14.1
2021-01-13,14.0
2021-01-14,13.9
2021-01-15,9.2
2021-01-16,8.5
2021-01-17,12.2
2021-01-18,18.7
2021-01-19,20.6
2021-01-20,14.9
2021-01-21,10.6
2021-01-22,14.6
2021-01-23,5.4
2021-01-24,10.2
2021-01-25,13.3
2021-01-26,8.0
2021-01-27,10.9
2021-01-28,8.7
2021-01-29,19.6
2021-01-30,11.9
2021-01-31,7.2
2021-02-01,9.3
2021-02-02,11.1
2021-02-03,9.7
2021-02-04,12.6
2021-02-05,17.1
2021-02-06,8.9
2021-02-07,8.9
2021-02-08,11.6
2021-02-09,9.2
2021-02-10,9.3
2021-02-11,13.6
2021-02-12,7.7
2021-02-13,12.4
2021-02-14,10.1
2021-02-15,6.9
2021-02-16,7.9
2021-02-17,8.5
2021-02-18,13.3
2021-02-19,11.3
2021-02-20,9.3
2021-02-21,9.9
2021-02-22,8.3
2021-02-23,14.1
2021-02-24,10.9
2021-02-25,10.0
2021-02-26,13.9
2021-03-04,8.7
2021-03-05,9.8
2021-03-06,9.5
2021-03-07,13.8
2021-03-08,15.5
2021-03-09,8.8
2021-03-10,8.3
2021-03-11,9.0
2021-03-12,6.6
2021-03-13,9.9
2021-03-14,10.2
2021-03-15,8.4
2021-03-16,8.2
2021-03-17,14.5
2021-03-18,9.4
2021-03-19,9.1
2021-03-20,5.3
2021-03-21,5.8
2021-03-22,8.2
2021-03-23,9.2
2021-03-24,10.1
2021-03-25,7.9
2021-03-26,9.1
2021-03-27,11.5
2021-03-28,15.0
2021-03-29,12.5
2021-03-30,10.2
2021-03-31,10.3
2021-04-01,9.1
2021-04-02,11.5
2021-04-03,8.8
2021-04-04,8.6
2021-04-05,8.9
2021-04-06,13.4
2021-04-07,14.6
2021-04-08,14.2
2021-04-09,12.2
2021-04-10,15.5
2021-04-11,7.2
2021-04-12,11.5
2021-04-13,13.6
2021-04-14,10.8
2021-04-15,11.6
2021-04-16,19.7
2021-04-17,10.9
2021-04-18,10.2
2021-04-20,11.3
2021-04-21,8.7
2021-04-22,10.6
2021-04-23,10.2
2021-04-24,9.9
2021-04-25,10.9
2021-04-26,10.0
2021-04-27,10.4
2021-04-28,9.3
2021-04-29,10.9
2021-04-30,9.3
2021-05-01,8.3
2021-05-02,12.4
2021-05-03,16.9
2021-05-04,12.3
2021-05-05,10.4
2021-05-06,10.7
2021-05-07,11.1
2021-05-08,14.9
2021-05-09,9.7
2021-05-10,8.5
2021-05-11,9.1
2021-05-12,11.0
2021-05-13,6.9
2021-05-14,9.5
2021-05-15,18.0
2021-05-16,17.4
2021-05-17,12.4
2021-05-18,16.8
2021-05-19,21.0
2021-05-20,14.7
2021-05-21,14.5
2021-05-22,8.6
2021-05-23,5.5
2021-05-24,4.8
2021-05-25,7.0
2021-05-26,11.2
2021-05-27,14.4
2021-05-28,25.3
2021-05-29,15.6
2021-05-30,18.5
2021-05-31,12.0
2021-06-01,13.3
2021-06-02,14.9
2021-06-03,15.2
2021-06-04,20.2
2021-06-05,10.4
2021-06-06,11.1
2021-06-07,9.4
2021-06-08,10.1
2021-06-09,8.7
2021-06-10,20.6
2021-06-11,18.2
2021-06-12,16.1
2021-06-13,11.5
2021-06-14,12.7
2021-06-18,13.6
2021-06-19,11.1
2021-06-20,6.2
2021-06-21,9.5
2021-06-22,13.2
2021-06-23,17.3
2021-06-24,28.2
2021-06-25,16.1
2021-06-26,12.7
2021-06-27,7.2
2021-06-28,17.7
2021-06-29,14.3
2021-06-30,17.0
2021-07-01,13.7
2021-07-02,14.5
2021-07-03,15.4
2021-07-04,22.9
2021-07-05,19.9
2021-07-06,12.2
2021-07-07,10.0
2021-07-08,9.7
2021-07-09,11.2
2021-07-10,20.7
2021-07-11,13.7
2021-07-12,5.7
2021-07-13,9.9
2021-07-14,21.1
2021-07-15,19.2
2021-07-16,14.2
2021-07-17,15.9
2021-07-18,20.9
2021-07-19,12.5
2021-07-20,17.9
2021-07-21,19.8
2021-07-22,17.4
2021-07-23,18.3
2021-07-24,13.5
2021-07-25,10.9
2021-07-26,13.7
2021-07-27,16.7
2021-07-28,21.8
2021-07-29,17.0
2021-07-30,10.6
2021-07-31,8.4
2021-08-01,9.1
2021-08-03,16.4
2021-08-04,18.0
2021-08-05,19.9
2021-08-07,18.6
2021-08-08,14.3
2021-08-09,13.9
2021-08-10,12.1
2021-08-11,12.7
2021-08-12,14.4
2021-08-13,13.2
2021-08-14,12.9
2021-08-15,19.0
2021-08-16,11.0
2021-08-17,13.6
2021-08-18,12.4
2021-08-19,15.6
2021-08-20,10.0
2021-08-21,10.5
2021-08-22,11.7
2021-08-23,12.4
2021-08-24,7.6
2021-08-25,10.1
2021-08-26,7.2
2021-08-27,10.7
2021-08-28,7.4
2021-08-29,7.5
2021-08-30,7.2
2021-08-31,5.2
2021-09-01,7.3
2021-09-02,8.8
2021-09-03,6.6
2021-09-04,7.2
2021-09-05,9.9
2021-09-06,9.7
2021-09-07,12.1
2021-09-09,17.2
2021-09-10,23.6
2021-09-11,20.2
2021-09-12,16.3
2021-09-13,13.2
2021-09-14,9.9
2021-09-15,5.8
2021-09-16,9.0
2021-09-17,8.5
2021-09-18,7.8
2021-09-19,7.2
2021-09-20,13.5
2021-09-21,13.1
2021-09-22,14.9
2021-09-23,9.7
2021-09-24,18.4
2021-09-25,20.2
2021-09-26,14.3
2021-09-27,10.1
2021-09-28,6.9
2021-09-29,6.9
2021-09-30,12.8
2021-10-01,10.5
2021-10-02,6.6
2021-10-03,7.4
2021-10-05,8.9
2021-10-06,9.3
2021-10-07,8.0
2021-10-08,8.1
2021-10-09,13.5
2021-10-10,11.8
2021-10-11,9.2
2021-10-12,14.1
2021-10-13,11.0
2021-10-14,10.3
2021-10-15,11.3
2021-10-16,9.1
2021-10-17,11.5
2021-10-18,13.9
2021-10-19,8.0
2021-10-20,9.4
2021-10-21,14.2
2021-10-22,9.0
2021-10-23,13.1
2021-10-24,4.3
2021-10-25,4.2
2021-10-26,2.9
2021-10-27,7.3
2021-10-28,5.9
2021-10-29,7.7
2021-10-30,5.7
2021-10-31,12.2
2021-11-01,12.9
2021-11-02,15.5
2021-11-03,6.1
2021-11-04,5.0
2021-11-05,7.3
2021-11-06,6.9
2021-11-07,6.4
2021-11-08,6.1
2021-11-09,6.1
2021-11-10,8.0
2021-11-11,5.2
2021-11-12,7.3
2021-11-13,4.1
2021-11-14,14.1
2021-11-15,23.4
2021-11-16,21.3
2021-11-17,13.2
2021-11-18,11.4
2021-11-19,7.0
2021-11-20,8.3
2021-11-21,7.9
2021-11-22,8.3
2021-11-23,13.3
2021-11-24,7.1
2021-11-25,10.5
2021-11-26,10.1
2021-11-27,12.6
2021-11-28,11.7
2021-11-29,7.5
2021-11-30,6.8
2021-12-01,8.5
2021-12-02,11.1
2021-12-03,10.1
2021-12-04,14.0
2021-12-05,20.0
2021-12-06,22.1
2021-12-07,16.7
2021-12-08,12.0
2021-12-09,10.9
2021-12-10,11.3
2021-12-11,9.3
2021-12-12,5.2
2021-12-13,5.4
2021-12-14,6.7
2021-12-15,11.0
2021-12-16,8.7
2021-12-17,10.7
2021-12-18,15.9
2021-12-19,20.0
2021-12-20,10.8
2021-12-21,10.7
2021-12-22,19.2
2021-12-23,15.1
2021-12-24,19.8
2021-12-25,27.2
2021-12-26,14.1
2021-12-27,11.2
2021-12-28,7.7
2021-12-29,14.7
2021-12-30,9.9
2021-12-31,11.0
2022-01-01,15.4
2022-01-02,10.6
2022-01-03,10.9
2022-01-04,14.8
2022-01-05,16.9
2022-01-06,15.7
2022-01-08,11.7
2022-01-09,10.5
2022-01-10,9.0
2022-01-11,9.4
2022-01-12,7.1
2022-01-13,16.3
2022-01-14,15.8
2022-01-15,7.9
2022-01-16,9.4
2022-01-17,10.3
2022-01-18,17.5
2022-01-19,6.5
2022-01-20,12.4
2022-01-21,13.6
2022-01-22,10.5
2022-01-23,10.6
2022-01-24,5.8
2022-01-25,10.5
2022-01-26,8.9
2022-01-27,16.7
2022-01-28,13.8
2022-01-29,11.9
2022-01-30,11.8
2022-01-31,9.6
2022-02-01,12.6
2022-02-02,17.5
2022-02-03,18.8
2022-02-04,18.8
2022-02-05,15.7
2022-02-06,6.3
2022-02-07,3.1
2022-02-08,3.9
2022-02-09,5.3
2022-02-10,10.1
2022-02-11,11.6
2022-02-12,12.8
2022-02-13,15.4
2022-02-14,9.4
2022-02-15,8.0
2022-02-16,8.1
2022-02-17,9.9
2022-02-18,7.6
2022-02-19,8.5
2022-02-20,11.0
2022-02-21,10.9
2022-02-22,7.7
2022-02-23,9.7
2022-02-24,9.9
2022-02-25,12.0
2022-02-26,10.0
2022-02-27,6.9
2022-02-28,9.9
2022-03-01,12.4
2022-03-02,8.6
2022-03-03,10.3
2022-03-04,10.2
2022-03-05,8.2
2022-03-06,9.0
2022-03-07,10.3
2022-03-08,7.3
2022-03-09,10.2
2022-03-10,8.9
2022-03-11,11.5
2022-03-12,11.7
2022-03-13,11.3
2022-03-14,8.0
2022-03-15,11.5
2022-03-16,7.5
2022-03-17,6.2
2022-03-18,7.8
2022-03-19,5.5
2022-03-20,11.3
2022-03-21,5.6
2022-03-22,7.8
2022-03-23,8.4
2022-03-24,13.4
2022-03-25,20.9
2022-03-26,18.8
2022-03-27,7.2
2022-03-28,5.9
2022-03-29,9.5
2022-03-30,5.9
2022-03-31,6.4
2022-04-01,5.3
2022-04-02,9.6
2022-04-03,7.8
2022-04-04,7.6
2022-04-05,6.7
2022-04-06,8.3
2022-04-07,13.5
2022-04-08,9.9
2022-04-09,9.5
2022-04-10,11.5
2022-04-11,9.8
2022-04-12,9.9
2022-04-13,13.8
2022-04-14,28.8
2022-04-15,12.7
2022-04-16,11.5
2022-04-17,11.8
2022-04-18,8.7
2022-04-19,8.8
2022-04-20,12.1
2022-04-21,24.7
2022-04-22,10.1
2022-04-23,13.1
2022-04-24,11.8
2022-04-25,9.6
2022-04-26,9.9
2022-04-27,13.2
2022-04-28,9.2
2022-04-29,7.8
2022-04-30,5.5
2022-05-01,6.8
2022-05-02,8.5
2022-05-03,9.4
2022-05-04,9.9
2022-05-05,9.0
2022-05-06,9.2
2022-05-07,11.4
2022-05-08,8.5
2022-05-09,10.2
2022-05-10,7.3
2022-05-11,7.8
2022-05-12,11.3
2022-05-13,17.3
2022-05-14,15.6
2022-05-15,16.9
2022-05-16,18.1
2022-05-17,11.1
2022-05-18,9.2
2022-05-19,7.7
2022-05-20,14.9
2022-05-21,16.9
2022-05-22,18.8
2022-05-23,18.8
2022-05-24,13.2
2022-05-25,15.4
2022-05-26,14.5
2022-05-27,13.8
2022-05-28,11.1
2022-05-29,11.1
2022-05-30,12.5
2022-05-31,13.8
2022-06-01,22.0
2022-06-02,14.0
2022-06-03,13.0
2022-06-04,20.3
2022-06-05,8.9
2022-06-06,10.7
2022-06-07,11.5
2022-06-08,20.6
2022-06-09,29.3
2022-06-10,18.0
2022-06-11,17.3
2022-06-12,17.2
2022-06-13,24.1
2022-06-14,20.8
2022-06-15,15.5
2022-06-16,16.1
2022-06-17,13.8
2022-06-18,11.2
2022-06-19,5.3
2022-06-20,3.0
2022-06-21,8.2
2022-06-22,12.1
2022-06-23,13.9
2022-06-24,9.8
2022-06-25,11.3
2022-06-26,10.0
2022-06-27,18.6
2022-06-28,20.9
2022-06-29,9.7
2022-06-30,25.7
2022-07-01,18.0
2022-07-02,14.5
2022-07-03,15.2
2022-07-04,22.5
2022-07-05,11.6
2022-07-06,21.9
2022-07-07,20.6
2022-07-08,9.8
2022-07-09,27.3
2022-07-10,21.2
2022-07-11,7.7
2022-07-12,10.7
2022-07-13,12.6
2022-07-14,6.9
2022-07-15,12.6
2022-07-16,12.2
2022-07-17,17.2
2022-07-18,19.1
2022-07-19,14.7
2022-07-20,6.0
2022-07-21,9.8
2022-07-22,11.5
2022-07-23,7.8
2022-07-24,9.3
2022-07-25,9.1
2022-07-26,9.6
2022-07-27,22.8
2022-07-28,13.8
2022-07-29,29.4
2022-07-30,13.6
2022-07-31,11.7
2022-08-01,20.8
2022-08-02,22.1
2022-08-03,17.5
2022-08-04,16.4
2022-08-05,15.4
2022-08-06,15.3
2022-08-07,7.2
2022-08-08,6.3
2022-08-09,4.6
2022-08-10,11.7
2022-08-11,7.7
2022-08-12,7.6
2022-08-13,11.2
2022-08-14,16.0
2022-08-15,10.6
2022-08-16,17.7
2022-08-17,25.8
2022-08-18,28.8
2022-08-19,30.9
2022-08-20,9.9
2022-08-21,14.0
2022-08-22,11.1
2022-08-23,9.4
2022-08-24,11.3
2022-08-25,10.9
2022-08-26,9.8
2022-08-27,11.2
2022-08-28,9.6
2022-08-29,6.5
2022-08-30,10.8
2022-08-31,10.5
2022-09-01,10.6
2022-09-02,14.6
2022-09-03,10.0
2022-09-04,9.2
2022-09-05,6.8
2022-09-06,12.4
2022-09-07,15.1
2022-09-08,9.0
2022-09-09,10.4
2022-09-10,4.9
2022-09-11,7.2
2022-09-12,14.9
2022-09-13,20.8
2022-09-14,12.2
2022-09-15,9.0
2022-09-16,10.3
2022-09-17,9.8
2022-09-18,6.5
2022-09-19,13.0
2022-09-20,10.4
2022-09-21,9.2
2022-09-22,6.1
2022-09-23,5.8
2022-09-24,9.1
2022-09-25,10.3
2022-09-26,12.6
2022-09-27,15.8
2022-09-28,6.1
2022-09-29,9.3
2022-09-30,6.1
2022-10-01,5.9
2022-10-02,7.5
2022-10-03,10.0
2022-10-04,9.9
2022-10-05,11.0
2022-10-06,13.9
2022-10-07,12.4
2022-10-08,10.5
2022-10-09,8.9
2022-10-10,6.8
2022-10-11,6.6
2022-10-12,7.9
2022-10-13,5.5
2022-10-14,5.4
2022-10-15,4.7
2022-10-16,5.9
2022-10-17,7.1
2022-10-18,6.7
2022-10-19,11.2
2022-10-20,10.8
2022-10-21,14.3
2022-10-22,11.2
2022-10-23,11.4
2022-10-24,12.4
2022-10-25,15.5
2022-10-26,18.9
2022-10-27,10.7
2022-10-28,11.6
2022-10-29,13.6
2022-10-30,3.9
2022-10-31,7.8
2022-11-01,10.8
2022-11-02,9.1
2022-11-03,12.6
2022-11-04,11.8
2022-11-05,13.9
2022-11-06,16.0
2022-11-07,12.2
2022-11-08,8.7
2022-11-09,9.3
2022-11-10,9.3
2022-11-11,3.5
2022-11-12,7.1
2022-11-13,11.0
2022-11-14,15.8
2022-11-15,15.7
2022-11-16,6.0
2022-11-17,4.9
2022-11-18,9.4
2022-11-19,13.9
2022-11-20,11.6
2022-11-21,14.6
2022-11-22,9.7
2022-11-23,16.0
2022-11-24,14.9
2022-11-25,15.3
2022-11-26,11.2
2022-11-27,6.4
2022-11-28,9.0
2022-11-29,9.5
2022-11-30,11.1
2022-12-01,22.4
2022-12-02,15.8
2022-12-03,14.3
2022-12-04,11.3
2022-12-05,6.7
2022-12-06,8.5
2022-12-07,10.1
2022-12-08,11.8
2022-12-09,5.9
2022-12-10,5.9
2022-12-11,7.2
2022-12-12,11.7
2022-12-13,15.5
2022-12-14,6.9
2022-12-15,4.9
2022-12-16,5.4
2022-12-17,5.9
2022-12-18,7.5
2022-12-19,8.2
2022-12-20,7.8
2022-12-21,7.3
2022-12-22,8.1
2022-12-23,14.6
2022-12-24,9.0
2022-12-25,8.4
2022-12-26,7.9
2022-12-27,11.0
2022-12-28,7.6
2022-12-29,12.0
2022-12-30,10.3
2022-12-31,12.0
2023-01-01,12.201
2023-01-02,7.63
2023-01-03,12.112
2023-01-04,11.559
2023-01-05,8.484
2023-01-06,9.654
2023-01-07,4.669
2023-01-08,10.966
2023-01-09,5.081
2023-01-10,2.845
2023-01-11,2.461
2023-01-12,3.817
2023-01-13,8.15
2023-01-14,8.974
2023-01-15,7.562
2023-01-16,9.27
2023-01-17,8.499
2023-01-18,11.158
2023-01-19,11.391
2023-01-20,7.943
2023-01-21,9.179
2023-01-22,11.146
2023-01-23,9.283
2023-01-24,13.068
2023-01-25,10.396
2023-01-26,11.19
2023-01-27,7.56
2023-02-01,12.535
2023-02-02,9.009
2023-02-03,14.036
2023-02-04,20.147
2023-02-05,10.103
2023-02-06,11.923
2023-02-07,17.013
2023-02-08,11.02
2023-02-09,13.723
2023-02-10,13.842
2023-02-11,13.967
2023-02-12,5.999
2023-02-13,6.777
2023-02-14,19.742
2023-02-15,16.994
2023-02-16,10.109
2023-02-17,9.462
2023-02-18,10.426
2023-02-19,9.785
2023-02-20,7.72
2023-02-21,9.146
2023-02-22,9.657
2023-02-23,5.693
2023-02-24,3.689
2023-02-25,8.095
2023-02-26,8.211
2023-02-27,7.297
2023-02-28,7.928
2023-03-01,9.483
2023-03-02,6.417
2023-03-03,7.07
2023-03-04,8.787
2023-03-05,18.192
2023-03-06,8.962
2023-03-07,6.712
2023-03-08,6.369
2023-03-09,10.342
2023-03-10,10.693
2023-03-11,16.703
2023-03-12,8.845
2023-03-13,11.804
2023-03-14,15.255
2023-03-15,12.635
2023-03-16,10.718
2023-03-17,9.685
2023-03-18,13.86
2023-03-19,13.9
2023-03-20,8.004
2023-03-21,7.968
2023-03-22,9.608
2023-03-23,10.064
2023-03-24,10.72
2023-03-25,7.884
2023-03-26,8.378
2023-03-27,7.685
2023-03-28,5.403
2023-03-29,9.445
2023-03-30,9.658
2023-03-31,7.972
2023-04-01,11.116
2023-04-02,10.108
2023-04-03,14.052
2023-04-04,11.656
2023-04-05,9.783
2023-04-06,8.283
2023-04-07,5.404
2023-04-08,7.744
2023-04-09,10.298
2023-04-10,12.96
2023-04-11,13.752
2023-04-12,11.128
2023-04-13,12.759
2023-04-14,8.962
2023-04-15,12.154
2023-04-16,16.621
2023-04-17,15.298
2023-04-18,20.375
2023-04-19,25.185
2023-04-20,18.545
2023-04-21,20.282
2023-04-22,5.967
2023-04-23,8.828
2023-04-24,17.546
2023-04-25,18.238
2023-04-26,19.301
2023-04-27,17.967
2023-04-28,9.454
2023-04-29,8.17
2023-04-30,8.04
2023-05-01,9.102
2023-05-02,9.288
2023-05-03,10.877
2023-05-04,13.912
2023-05-05,19.947
2023-05-06,18.744
2023-05-07,17.324
2023-05-08,14.017
2023-05-09,11.218
2023-05-10,10.877
2023-05-11,11.721
2023-05-12,15.687
2023-05-13,14.697
2023-05-14,10.558
2023-05-15,13.033
2023-05-16,13.53
2023-05-17,14.26
2023-05-18,13.119
2023-05-19,17.921
2023-05-20,19.895
2023-05-21,20.132
2023-05-22,15.264
2023-05-23,13.023
2023-05-24,16.85
2023-05-25,9.757
2023-05-27,11.719
2023-05-28,17.304
2023-05-29,19.366
2023-05-30,11.659
2023-05-31,16.775
2023-06-01,16.777
2023-06-02,16.325
2023-06-03,18.483
2023-06-04,12.183
2023-06-05,4.705
2023-06-06,5.105
2023-06-07,3.062
2023-06-08,4.691
2023-06-09,6.473
2023-06-10,12.859
2023-06-11,11.72
2023-06-12,11.985
2023-06-13,14.298
2023-06-14,17.486
2023-06-15,18.547
2023-06-16,8.872
2023-06-17,7.293
2023-06-18,13.171
2023-06-19,14.606
2023-06-20,13.361
2023-06-21,9.945
2023-06-22,8.444
2023-06-23,6.996
2023-06-24,8.252
2023-06-25,9.257
2023-06-27,8.923
2023-06-28,11.768
2023-06-29,13.319
2023-06-30,12.092
2023-07-01,16.314
2023-07-02,14.336
2023-07-03,22.408
2023-07-04,24.962
2023-07-05,14.186
2023-07-06,12.599
2023-07-12,14.461
2023-07-13,14.786
2023-07-14,22.512
2023-07-15,21.555
2023-07-16,18.491
2023-07-17,15.645
2023-07-18,13.448
2023-07-19,9.189
2023-07-20,9.924
2023-07-21,2.467
2023-07-22,8.235
2023-07-23,14.124
2023-07-24,10.546
2023-07-25,11.249
2023-07-26,12.324
2023-07-27,16.358
2023-07-28,17.748
2023-07-29,18.317
2023-07-30,16.38
2023-07-31,17.598
2023-08-01,11.748
2023-08-02,14.613
2023-08-03,16.393
2023-08-04,17.254
2023-08-05,15.631
2023-08-06,19.821
2023-08-07,19.597
2023-08-08,10.628
2023-08-09,12.921
2023-08-10,10.495
2023-08-11,10.226
2023-08-12,18.081
2023-08-13,14.2
2023-08-14,9.722
2023-08-15,10.998
2023-08-16,10.546
2023-08-17,15.998
2023-08-18,17.653
2023-08-19,13.601
2023-08-20,6.364
2023-08-21,16.989
2023-08-22,17.282
2023-08-23,14.92
2023-08-24,11.662
2023-08-25,16.381
2023-08-26,19.717
2023-08-27,12.453
2023-08-28,12.736
2023-08-29,11.061
2023-08-30,11.431
2023-08-31,11.113
2023-09-01,9.398
2023-09-02,8.522
2023-09-03,12.125
2023-09-04,5.4
2023-09-05,5.426
2023-09-06,6.375
2023-09-07,9.721
2023-09-08,15.074
2023-09-09,13.198
2023-09-10,7.157
2023-09-11,11.101
2023-09-12,7.928
2023-09-13,14.53
2023-09-14,15.283
2023-09-15,17.009
2023-09-16,19.649
2023-09-17,20.371
2023-09-18,25.464
2023-09-19,23.136
2023-09-20,12.673
2023-09-21,15.588
2023-09-22,12.354
2023-09-23,11.651
2023-09-24,7.928
2023-09-25,3.595
2023-09-26,6.51
2023-09-27,11.574
2023-09-28,13.528
2023-09-29,24.791
2023-09-30,14.516
2023-10-01,25.432
2023-10-02,25.496
2023-10-03,25.039
2023-10-04,12.058
2023-10-05,15.212
2023-10-06,7.652
2023-10-07,9.632
2023-10-08,8.071
2023-10-09,14.859
2023-10-10,9.86
2023-10-11,11.403
2023-10-12,14.421
2023-10-13,10.804
2023-10-14,12.445
2023-10-15,15.319
2023-10-20,9.635
2023-10-21,18.129
2023-10-22,16.003
2023-10-23,13.568
2023-10-24,10.875
2023-10-25,11.424
2023-10-26,19.283
2023-10-27,12.626
2023-10-28,14.194
2023-10-29,11.547
2023-10-30,4.489
2023-10-31,3.858
2023-11-01,6.801
2023-11-02,8.911
2023-11-03,10.092
2023-11-04,16.065
2023-11-05,8.991
2023-11-06,8.092
2023-11-07,5.999
2023-11-08,8.716
2023-11-09,8.543
2023-11-10,8.46
2023-11-11,9.307
2023-11-12,11.153
2023-11-13,6.015
2023-11-14,8.558
2023-11-15,10.361
2023-11-16,12.651
2023-11-17,9.642
2023-11-18,7.121
2023-11-19,8.278
2023-11-20,8.912
2023-11-21,11.473
2023-11-22,4.843
2023-11-23,7.812
2023-11-24,8.08
2023-11-25,14.322
2023-11-26,12.777
2023-11-27,11.799
2023-11-28,11.303
2023-11-29,12.365
2023-11-30,10.908
2023-12-01,7.732
2023-12-02,13.655
2023-12-03,10.767
2023-12-04,6.202
2023-12-05,7.61
2023-12-06,3.925
2023-12-07,13.031
2023-12-08,23.402
2023-12-09,18.277
2023-12-10,9.998
2023-12-11,13.413
2023-12-12,16.638
2023-12-13,18.082
2023-12-14,13.648
2023-12-15,8.881
2023-12-16,8.214
2023-12-17,5.559
2023-12-18,8.284
2023-12-19,5.491
2023-12-20,7.158
2023-12-21,7.793
2023-12-22,10.565
2023-12-23,14.902
2023-12-24,12.724
2023-12-25,10.391
2023-12-26,5.027
2023-12-27,7.475
2023-12-28,13.05
2023-12-29,4.602
2023-12-30,9.261
2023-12-31,8.54
2024-01-01,14.6
2024-01-02,10.5
2024-01-03,6.2
2024-01-04,7.3
2024-01-05,10.1
2024-01-06,10.9
2024-01-07,9.1
2024-01-08,9.7
2024-01-09,10.5
2024-01-10,9.6
2024-01-11,9.5
2024-01-12,8.9
2024-01-13,8.3
2024-01-14,11.4
2024-01-15,11.4
2024-01-18,13.0
2024-01-19,15.8
2024-01-20,19.6
2024-01-21,9.4
2024-01-22,5.7
2024-01-23,10.9
2024-01-24,17.2
2024-01-25,14.9
2024-01-26,10.5
2024-01-27,10.2
2024-01-28,7.1
2024-01-29,18.7
2024-01-30,15.5
2024-01-31,10.3
2024-02-01,15.5
2024-02-02,12.0
2024-02-03,17.6
2024-02-04,26.2
2024-02-05,13.5
2024-02-06,16.4
2024-02-07,11.2
2024-02-08,11.4
2024-02-09,18.8
2024-02-10,15.7
2024-02-11,16.5
2024-02-12,14.9
2024-02-13,11.7
2024-02-14,9.8
2024-02-15,8.1
2024-02-16,9.6
2024-02-17,10.0
2024-02-18,7.0
2024-02-19,6.8
2024-02-20,12.8
2024-02-21,13.5
2024-02-22,10.0
2024-02-23,9.5
2024-02-24,9.4
2024-02-25,13.1
2024-02-26,7.8
2024-02-27,4.7
2024-02-28,8.3
2024-02-29,6.3
2024-03-01,8.8
2024-03-02,8.4
2024-03-05,15.8
2024-03-06,17.3
2024-03-07,8.9
2024-03-08,8.1
2024-03-09,14.4
2024-03-10,14.0
2024-03-11,12.4
2024-03-12,3.7
2024-03-13,9.2
2024-03-14,10.1
2024-03-15,5.4
2024-03-16,11.2
2024-03-17,7.2
2024-03-18,8.3
2024-03-19,8.8
2024-03-20,6.4
2024-03-21,7.8
2024-03-22,10.1
2024-03-23,6.9
2024-03-24,9.1
2024-03-25,8.6
2024-03-26,16.2
2024-03-29,12.6
2024-03-30,12.1
2024-03-31,10.5
2024-04-01,6.9
2024-04-02,6.6
2024-04-03,5.5
2024-04-04,5.7
2024-04-05,12.6
2024-04-06,8.9
2024-04-07,8.2
2024-04-08,5.0
2024-04-09,6.8
2024-04-10,14.9
2024-04-11,28.0
2024-04-12,13.7
2024-04-13,15.5
2024-04-14,12.1
2024-04-15,7.8
2024-04-16,6.7
2024-04-17,6.7
2024-04-18,7.4
2024-04-19,9.9
2024-04-20,5.3
2024-04-21,13.0
2024-04-22,18.1
2024-04-23,15.5
2024-04-24,12.9
2024-04-25,13.0
2024-04-26,11.7
2024-04-27,11.8
2024-04-28,9.3
2024-04-29,7.6
2024-04-30,5.9
2024-05-01,7.3
2024-05-02,15.1
2024-05-03,10.0
2024-05-04,10.5
2024-05-05,11.0
2024-05-06,10.3
2024-05-07,5.1
2024-05-08,7.2
2024-05-09,7.2
2024-05-10,13.9
2024-05-11,13.7
2024-05-12,17.3
2024-05-13,11.0
2024-05-14,10.5
2024-05-15,13.1
2024-05-16,14.9
2024-05-17,14.6
2024-05-18,17.8
2024-05-19,15.4
2024-05-20,9.3
2024-05-21,8.3
2024-05-22,11.8
2024-05-23,12.5
2024-05-24,12.1
2024-05-25,11.7
2024-05-26,14.1
2024-05-27,6.2
2024-05-28,9.6
2024-05-29,16.6
2024-05-30,27.6
2024-05-31,22.9
2024-06-01,16.4
2024-06-02,12.9
2024-06-03,10.9
2024-06-04,16.9
2024-06-05,14.7
2024-06-06,10.2
2024-06-07,13.5
2024-06-08,8.2
2024-06-09,8.8
2024-06-10,10.8
2024-06-11,11.4
2024-06-12,16.3
2024-06-13,11.4
2024-06-14,10.7
2024-06-15,13.9
2024-06-16,9.0
2024-06-17,10.6
2024-06-18,11.8
2024-06-19,6.5
2024-06-20,6.9
2024-06-21,10.8
2024-06-22,8.2
2024-06-23,15.5
2024-06-24,11.1
2024-06-25,8.4
2024-06-26,14.1
2024-06-27,11.6
2024-06-28,16.2
2024-06-29,18.8
2024-06-30,21.2
2024-07-01,12.8
2024-07-02,14.8
2024-07-03,17.6
2024-07-04,12.8
2024-07-05,15.4
2024-07-06,17.1
2024-07-07,12.1
2024-07-08,14.7
2024-07-09,14.9
2024-07-10,16.1
2024-07-11,16.6
2024-07-12,7.9
2024-07-13,7.4
2024-07-14,8.5
2024-07-15,10.6
2024-07-16,15.9
2024-07-17,15.3
2024-07-18,11.1
2024-07-19,8.7
2024-07-20,7.3
2024-07-21,12.8
2024-07-22,7.6
2024-07-23,15.0
2024-07-24,13.1
2024-07-25,17.1
2024-07-26,20.7
2024-07-27,15.4
2024-07-28,20.4
2024-07-29,11.6
2024-07-30,9.0
2024-07-31,11.2
2024-08-01,3.5
2024-08-02,4.8
2024-08-03,7.2
2024-08-04,11.0
2024-08-05,12.8
2024-08-06,15.4
2024-08-07,16.8
2024-08-08,11.6
2024-08-09,11.0
2024-08-10,10.4
2024-08-11,6.3
2024-08-12,11.3
2024-08-13,16.8
2024-08-14,19.3
2024-08-15,13.3
2024-08-16,12.0
2024-08-17,7.7
2024-08-18,13.0
2024-08-19,18.3
2024-08-20,14.0
2024-08-21,14.2
2024-08-22,13.9
2024-08-23,8.8
2024-08-24,10.4
2024-08-25,16.2
2024-08-26,10.0
2024-08-27,16.7
2024-08-28,16.5
2024-08-29,13.6
2024-08-30,23.1
2024-08-31,17.6
2024-09-01,25.2
2024-09-02,17.0
2024-09-03,16.1
2024-09-04,9.9
2024-09-05,9.0
2024-09-06,9.1
2024-09-07,16.6
2024-09-08,15.4
2024-09-09,17.0
2024-09-10,18.2
2024-09-11,21.3
2024-09-12,12.9
2024-09-13,14.2
2024-09-14,10.6
2024-09-15,5.5
2024-09-16,6.6
2024-09-17,12.3
2024-09-18,12.8
2024-09-19,20.3
2024-09-20,13.2
2024-09-21,16.6
2024-09-22,16.8
2024-09-23,14.6
2024-09-24,18.7
2024-09-26,16.2
2024-09-27,15.5
2024-09-28,16.2
2024-09-29,10.3
2024-09-30,10.3
2024-10-01,9.6
2024-10-02,15.3
2024-10-03,7.4
2024-10-04,10.8
2024-10-05,12.5
2024-10-06,15.2
2024-10-07,16.6
2024-10-08,18.0
2024-10-09,12.6
2024-10-10,7.8
2024-10-11,6.4
2024-10-12,10.8
2024-10-13,8.4
2024-10-14,7.0
2024-10-15,17.7
2024-10-16,8.7
2024-10-17,9.1
2024-10-18,8.3
2024-10-19,4.6
2024-10-20,4.4
2024-10-21,5.3
2024-10-22,6.1
2024-10-23,5.8
2024-10-24,6.7
2024-10-25,12.6
2024-10-26,16.0
2024-10-27,10.8
2024-10-28,13.0
2024-10-29,12.8
2024-10-30,7.5
2024-10-31,8.8
2024-11-01,8.6
2024-11-02,7.6
2024-11-03,14.7
2024-11-04,8.9
2024-11-05,8.0
2024-11-06,11.8
2024-11-07,9.6
2024-11-08,11.0
2024-11-09,8.3
2024-11-10,9.9
2024-11-11,11.4
2024-11-12,14.4
2024-11-13,7.3
2024-11-14,11.6
2024-11-15,6.0
2024-11-16,15.6
2024-11-17,7.8
2024-11-18,11.5
2024-11-19,8.9
2024-11-20,11.5
2024-11-21,11.0
2024-11-22,13.1
2024-11-23,9.9
2024-11-24,8.3
2024-11-25,9.0
2024-11-26,7.7
2024-11-27,4.4
2024-11-28,4.8
2024-11-29,6.6
2024-11-30,2.9
2024-12-01,10.4
2024-12-02,9.9
2024-12-03,10.6
2024-12-04,8.7
2024-12-05,8.9
2024-12-06,18.6
2024-12-07,9.3
2024-12-08,10.5
2024-12-09,11.2
2024-12-10,15.3
2024-12-11,10.6
2024-12-12,7.8
2024-12-13,7.0
2024-12-14,12.8
2024-12-15,11.5
2024-12-16,7.2
2024-12-17,9.7
2024-12-18,7.5
2024-12-19,5.7
2024-12-20,14.2
2024-12-21,13.0
2024-12-22,12.7
2024-12-23,7.9
2024-12-24,6.9
2024-12-25,7.1
2024-12-26,8.1
2024-12-27,21.0
2024-12-28,16.4
2024-12-29,10.7
2024-12-30,10.3
2024-12-31,11.8
